class_weight,boosting_type,num_leaves,learning_rate,subsample_for_bin,min_child_samples,reg_alpha,reg_lambda,colsample_bytree,subsample,metric,verbose,loss,iteration
,gbdt,41,0.006945380919765311,120000,255,0.5918367346938775,0.5102040816326531,0.6444444444444444,0.803030303030303,auc,1,0.23149636802638696,146
balanced,gbdt,117,0.02331834634070841,160000,250,0.7551020408163265,0.5918367346938775,0.7777777777777778,0.5606060606060606,auc,1,0.23181544266647802,402
,gbdt,114,0.011307840449539407,260000,280,0.14285714285714285,0.3877551020408163,0.6888888888888889,0.5656565656565656,auc,1,0.23186448115055147,419
,gbdt,79,0.011820167638891784,60000,260,0.5714285714285714,0.836734693877551,0.6,0.6666666666666667,auc,1,0.2319641725970737,369
balanced,dart,143,0.05532928317911197,140000,280,0.6122448979591836,0.6938775510204082,0.6,0.7727272727272727,auc,1,0.23197826024550383,36
balanced,dart,72,0.10636616732547971,280000,280,0.5918367346938775,0.9795918367346939,0.6444444444444444,0.8232323232323233,auc,1,0.23260978452951253,284
balanced,dart,64,0.0600116605611819,240000,255,0.7959183673469387,0.8163265306122448,0.6444444444444444,0.7070707070707071,auc,1,0.2331776278880493,292
,dart,72,0.015082225756147042,120000,300,0.061224489795918366,0.5714285714285714,0.6444444444444444,0.5353535353535354,auc,1,0.23382669669370304,337
balanced,goss,52,0.006546926286978412,160000,495,0.9795918367346939,0.9183673469387754,0.6444444444444444,1.0,auc,1,0.2340177433948799,160
balanced,gbdt,50,0.012632507993991704,180000,245,0.0,1.0,0.8222222222222222,0.6565656565656566,auc,1,0.23402340654432552,38
,dart,104,0.00929791343190622,200000,290,0.6530612244897959,0.7346938775510203,0.6,0.8484848484848485,auc,1,0.23413300576906193,406
,gbdt,53,0.09451185205828212,160000,265,0.6122448979591836,0.42857142857142855,0.7333333333333333,0.893939393939394,auc,1,0.23416379187285208,181
balanced,gbdt,67,0.07828876232228349,220000,210,0.4693877551020408,0.9183673469387754,0.9555555555555555,0.5202020202020202,auc,1,0.23436319999650135,465
,gbdt,82,0.05891383931113318,80000,185,0.9795918367346939,0.3469387755102041,0.7777777777777778,0.6767676767676768,auc,1,0.23441767679729653,271
balanced,gbdt,133,0.007673526341891829,120000,260,0.9183673469387754,0.32653061224489793,0.9555555555555555,0.8484848484848485,auc,1,0.23451301091834797,19
,dart,73,0.11159664496056187,40000,480,0.4693877551020408,1.0,0.8222222222222222,0.5353535353535354,auc,1,0.23459125971476413,45
,gbdt,133,0.005226536265540098,80000,295,0.3061224489795918,0.7551020408163265,0.6,0.6666666666666667,auc,1,0.2347686975883242,378
,dart,37,0.10755101209788154,280000,290,0.3469387755102041,1.0,0.7777777777777778,0.8484848484848485,auc,1,0.23491315429546566,264
balanced,gbdt,145,0.1455844269527345,240000,270,0.673469387755102,0.5102040816326531,0.7333333333333333,0.6818181818181819,auc,1,0.23505994875832337,54
balanced,dart,93,0.005838803744176648,280000,260,0.26530612244897955,0.5714285714285714,0.6,0.9595959595959596,auc,1,0.23557772618648598,343
balanced,gbdt,51,0.07685658953929919,100000,485,0.3877551020408163,0.6326530612244897,0.8666666666666667,0.6313131313131313,auc,1,0.23562182031301426,164
balanced,dart,101,0.018962368575084928,160000,215,0.836734693877551,0.16326530612244897,0.6444444444444444,0.6565656565656566,auc,1,0.23565578743540538,141
balanced,dart,134,0.07434437865632709,60000,275,0.44897959183673464,0.4081632653061224,0.8222222222222222,0.5303030303030303,auc,1,0.23565710699604303,455
,gbdt,110,0.043845419886860144,260000,215,0.5918367346938775,0.836734693877551,0.8222222222222222,0.5202020202020202,auc,1,0.23597245647748688,37
balanced,gbdt,141,0.12421023520674607,40000,230,0.04081632653061224,0.44897959183673464,0.6444444444444444,0.9595959595959596,auc,1,0.23622781290687844,403
,gbdt,78,0.030196332879124828,200000,220,0.5510204081632653,1.0,0.6444444444444444,0.8383838383838385,auc,1,0.23624833099548426,30
,dart,109,0.07191428439547362,160000,295,0.9795918367346939,0.7142857142857142,0.6,0.8333333333333334,auc,1,0.23624849527475633,58
balanced,dart,47,0.01709975946676697,140000,240,0.3877551020408163,0.9183673469387754,0.6444444444444444,0.7272727272727273,auc,1,0.23631683545193782,222
balanced,dart,133,0.02149894496984163,240000,480,0.5918367346938775,0.8979591836734693,0.8222222222222222,0.9090909090909092,auc,1,0.23631758143682347,328
balanced,dart,57,0.11451879873398406,200000,270,0.6326530612244897,0.6938775510204082,0.9555555555555555,0.994949494949495,auc,1,0.23632208846388347,421
,goss,73,0.10100717376671212,40000,485,0.36734693877551017,0.8571428571428571,0.8666666666666667,1.0,auc,1,0.23638726948898825,60
balanced,goss,46,0.011349672651536741,240000,250,0.6122448979591836,0.6122448979591836,0.6888888888888889,1.0,auc,1,0.23639946456170913,466
,gbdt,67,0.08460116899778225,120000,225,0.22448979591836732,0.673469387755102,0.7777777777777778,0.6212121212121212,auc,1,0.2364804668581426,261
,gbdt,110,0.10026396895331954,160000,200,0.6530612244897959,0.9387755102040816,0.6444444444444444,0.9545454545454546,auc,1,0.23660271502614838,323
,dart,117,0.11494244934547872,140000,445,0.4897959183673469,0.8571428571428571,0.8666666666666667,0.595959595959596,auc,1,0.23660284818767452,229
balanced,goss,53,0.005055696505862444,40000,470,0.6122448979591836,0.5510204081632653,0.7777777777777778,1.0,auc,1,0.23661730167987605,166
,gbdt,104,0.01177660130394154,80000,290,0.1020408163265306,0.6122448979591836,0.8666666666666667,0.9696969696969697,auc,1,0.23665798210555788,376
,goss,117,0.02206189400106402,220000,255,0.14285714285714285,0.3061224489795918,0.6888888888888889,1.0,auc,1,0.23666511844199112,346
balanced,gbdt,142,0.005226536265540098,260000,195,0.3469387755102041,0.36734693877551017,0.6,0.5202020202020202,auc,1,0.2366905792061017,210
balanced,dart,97,0.007422701832211806,160000,470,0.14285714285714285,0.8775510204081632,0.7333333333333333,0.6060606060606061,auc,1,0.23669494241871336,61
balanced,gbdt,70,0.009541378930619003,240000,490,0.32653061224489793,0.16326530612244897,0.7777777777777778,0.696969696969697,auc,1,0.23671041634871437,169
balanced,dart,105,0.010122079930054748,240000,310,0.3877551020408163,0.7959183673469387,0.6,0.6212121212121212,auc,1,0.23673891515799794,163
balanced,gbdt,123,0.022143509726932693,180000,485,0.5918367346938775,0.6530612244897959,0.6888888888888889,0.8787878787878789,auc,1,0.2368514105758398,217
balanced,gbdt,87,0.008200889007454273,100000,355,0.3877551020408163,0.9591836734693877,0.8222222222222222,0.994949494949495,auc,1,0.23687017177332237,189
,gbdt,100,0.07407036290619914,260000,285,0.4693877551020408,0.6326530612244897,0.8222222222222222,0.7828282828282829,auc,1,0.23689730812994003,63
balanced,gbdt,85,0.02126210003400329,200000,240,0.673469387755102,0.5714285714285714,0.9555555555555555,0.5050505050505051,auc,1,0.23690183337910364,400
balanced,gbdt,109,0.02867496609994534,260000,465,0.8775510204081632,0.3469387755102041,0.8666666666666667,0.8686868686868687,auc,1,0.23691447559421164,51
balanced,gbdt,92,0.021899563889224465,260000,365,0.061224489795918366,0.673469387755102,0.7777777777777778,0.8181818181818182,auc,1,0.23697546525515822,24
,goss,105,0.02473753188230597,160000,480,0.4897959183673469,0.22448979591836732,0.8666666666666667,1.0,auc,1,0.23701441766474263,59
balanced,gbdt,67,0.005245871303187837,140000,495,0.9591836734693877,0.26530612244897955,0.6888888888888889,0.5909090909090909,auc,1,0.2370354583072103,339
balanced,gbdt,144,0.10636616732547971,100000,225,0.08163265306122448,0.22448979591836732,0.7333333333333333,0.8484848484848485,auc,1,0.23704043770726235,252
balanced,gbdt,85,0.014481886418058792,260000,485,0.44897959183673464,0.44897959183673464,0.9555555555555555,0.6212121212121212,auc,1,0.23708334767739947,186
balanced,gbdt,62,0.008960842867215223,260000,180,0.4897959183673469,0.7755102040816326,0.6888888888888889,0.601010101010101,auc,1,0.23709322826262835,434
balanced,dart,43,0.008635991879143561,40000,195,0.9795918367346939,0.04081632653061224,0.6888888888888889,0.5404040404040404,auc,1,0.23709753652858956,270
,dart,43,0.0271298853416841,60000,230,0.4693877551020408,0.32653061224489793,0.7777777777777778,0.9040404040404041,auc,1,0.2371237001052171,282
balanced,gbdt,135,0.052155057104807535,80000,470,0.7959183673469387,0.24489795918367346,0.8666666666666667,0.5050505050505051,auc,1,0.2371550519352379,228
balanced,goss,66,0.008894909515131234,160000,160,0.9183673469387754,0.673469387755102,0.6888888888888889,1.0,auc,1,0.23717646486929822,290
,gbdt,78,0.021899563889224465,20000,475,0.1020408163265306,0.7142857142857142,0.8222222222222222,0.6565656565656566,auc,1,0.23718400629711045,259
,gbdt,36,0.008572448761425775,20000,215,0.8775510204081632,0.9591836734693877,0.8222222222222222,0.51010101010101,auc,1,0.2371900498680103,15
balanced,dart,38,0.02975360202281891,160000,475,0.9183673469387754,0.4693877551020408,0.9111111111111111,0.5454545454545454,auc,1,0.23721906898843548,251
balanced,gbdt,140,0.020116443522038775,100000,300,0.42857142857142855,0.36734693877551017,0.8666666666666667,0.696969696969697,auc,1,0.2372889384206157,234
balanced,dart,74,0.11622282790624151,80000,360,0.12244897959183673,0.5510204081632653,0.9111111111111111,0.9545454545454546,auc,1,0.23730357133045232,136
,goss,106,0.009683353769868812,180000,480,0.8571428571428571,0.7959183673469387,0.6888888888888889,1.0,auc,1,0.23731232242560074,152
,dart,139,0.1362225405289103,240000,230,1.0,0.6938775510204082,0.6,0.5252525252525253,auc,1,0.23732725782235653,312
,dart,134,0.02634017457899043,40000,180,0.9387755102040816,0.6326530612244897,0.7333333333333333,0.6060606060606061,auc,1,0.2373380461486827,28
balanced,gbdt,135,0.005112013431877946,180000,225,0.9183673469387754,0.7959183673469387,0.8222222222222222,0.9696969696969697,auc,1,0.23735471965377786,57
balanced,dart,128,0.014269556728872437,240000,350,0.04081632653061224,0.9183673469387754,0.6,0.5303030303030303,auc,1,0.23737591952939652,83
,dart,136,0.185077258978149,200000,395,0.12244897959183673,0.26530612244897955,0.9555555555555555,0.6818181818181819,auc,1,0.23737640732109178,351
,dart,34,0.17317576433031381,40000,290,0.16326530612244897,0.2857142857142857,0.8666666666666667,0.6868686868686869,auc,1,0.23738851436703523,239
,gbdt,35,0.09698664119932507,260000,265,0.5306122448979591,0.9183673469387754,1.0,0.8282828282828283,auc,1,0.23742288349706508,499
,gbdt,118,0.009195482186405599,160000,240,0.04081632653061224,0.22448979591836732,1.0,0.8787878787878789,auc,1,0.23747652320245682,342
,gbdt,118,0.048981732603349946,280000,230,0.8979591836734693,0.836734693877551,0.8666666666666667,0.5,auc,1,0.23747912195476406,3
balanced,dart,134,0.029534676778061552,280000,220,0.3469387755102041,0.9183673469387754,0.7333333333333333,0.6212121212121212,auc,1,0.23752193941268307,436
balanced,gbdt,104,0.04148291614861856,20000,480,0.18367346938775508,0.5510204081632653,0.9555555555555555,0.7777777777777778,auc,1,0.23752857478143852,81
balanced,dart,59,0.005544630207207856,60000,475,0.9795918367346939,0.2857142857142857,0.7777777777777778,0.6666666666666667,auc,1,0.23752895772595317,49
balanced,dart,56,0.01475174699473203,220000,210,0.5510204081632653,0.5306122448979591,0.8222222222222222,0.8838383838383839,auc,1,0.23754534892861323,138
balanced,goss,102,0.10213232309588141,40000,255,0.2040816326530612,0.8979591836734693,0.6,1.0,auc,1,0.2375891153376175,301
balanced,gbdt,112,0.032034121820294637,180000,470,0.18367346938775508,0.5510204081632653,0.7333333333333333,0.5707070707070707,auc,1,0.23761090000259033,432
,goss,48,0.005544630207207856,60000,480,0.4693877551020408,0.18367346938775508,0.9555555555555555,1.0,auc,1,0.23761344296722675,358
,dart,61,0.028887518755219454,180000,470,0.7959183673469387,0.12244897959183673,0.9555555555555555,0.7373737373737375,auc,1,0.23763580008659146,75
,dart,50,0.014112354956756064,220000,205,0.9387755102040816,0.836734693877551,0.7777777777777778,0.6060606060606061,auc,1,0.23766592374683237,135
balanced,gbdt,33,0.08975010855334152,180000,280,0.4897959183673469,0.061224489795918366,0.9111111111111111,0.7878787878787878,auc,1,0.23767550352718247,302
balanced,gbdt,31,0.02614636513157514,40000,390,0.36734693877551017,0.5102040816326531,0.6444444444444444,0.9242424242424243,auc,1,0.2378072762485477,46
,dart,112,0.10715460457131845,20000,295,0.4693877551020408,0.4693877551020408,0.8222222222222222,0.8535353535353536,auc,1,0.2378413546659407,368
,gbdt,82,0.008667939849965027,240000,220,0.0,0.04081632653061224,0.8666666666666667,0.5252525252525253,auc,1,0.2378974529536123,213
balanced,dart,41,0.008604161660966584,120000,270,0.2857142857142857,0.673469387755102,0.8666666666666667,0.5404040404040404,auc,1,0.23790017141112307,305
balanced,gbdt,71,0.005037062407420691,60000,305,0.9387755102040816,0.36734693877551017,0.6888888888888889,0.7525252525252526,auc,1,0.23794741459748603,472
balanced,gbdt,91,0.014060340162908316,180000,150,0.3061224489795918,0.8979591836734693,0.6444444444444444,0.9595959595959596,auc,1,0.23798079440746256,99
,gbdt,97,0.036996079612148326,120000,475,0.4081632653061224,0.7551020408163265,0.7333333333333333,0.5454545454545454,auc,1,0.23800977596232042,288
,dart,81,0.07974762271777591,220000,290,0.42857142857142855,0.673469387755102,1.0,0.7171717171717171,auc,1,0.23810089068520823,39
balanced,gbdt,136,0.00726005705102873,180000,230,0.673469387755102,0.4693877551020408,0.8666666666666667,0.8131313131313131,auc,1,0.23816522003722684,94
balanced,dart,138,0.021980579091407017,260000,310,0.9795918367346939,0.8979591836734693,0.8222222222222222,0.6767676767676768,auc,1,0.23817188231862763,41
,goss,81,0.04336239313022275,220000,490,0.8775510204081632,0.7959183673469387,0.8666666666666667,1.0,auc,1,0.23819478077463785,310
,gbdt,40,0.05719894474413977,140000,485,0.6326530612244897,0.5714285714285714,0.6444444444444444,0.5555555555555556,auc,1,0.23821542950170904,454
balanced,dart,43,0.009263643527850038,100000,220,0.673469387755102,0.6938775510204082,0.7333333333333333,0.8636363636363636,auc,1,0.23827492747322443,348
balanced,gbdt,102,0.033983761038311154,160000,410,0.836734693877551,0.8775510204081632,0.7777777777777778,0.9848484848484849,auc,1,0.23838136614418393,211
balanced,gbdt,68,0.009127822372082045,140000,145,0.14285714285714285,0.8571428571428571,0.6444444444444444,0.5050505050505051,auc,1,0.23839105637851543,14
balanced,goss,116,0.020796209084091227,140000,455,0.04081632653061224,0.3469387755102041,1.0,1.0,auc,1,0.23840161454565678,336
,dart,96,0.03810526748634296,160000,395,0.061224489795918366,0.836734693877551,0.7333333333333333,0.7626262626262627,auc,1,0.2384034123664278,457
,gbdt,148,0.033983761038311154,20000,355,0.673469387755102,0.4693877551020408,0.7333333333333333,0.9191919191919192,auc,1,0.23841403753484203,476
balanced,goss,114,0.005668844818808548,280000,215,0.061224489795918366,0.7551020408163265,0.6444444444444444,1.0,auc,1,0.23851795707006962,446
,goss,64,0.10213232309588141,140000,465,0.12244897959183673,0.24489795918367346,0.9111111111111111,1.0,auc,1,0.2385339591607336,4
,dart,39,0.005018496989847007,40000,280,0.02040816326530612,0.836734693877551,0.6444444444444444,0.5404040404040404,auc,1,0.23857209914483946,381
,dart,57,0.022143509726932693,140000,195,0.42857142857142855,0.8775510204081632,0.8222222222222222,0.7171717171717171,auc,1,0.23866991259333503,34
,gbdt,69,0.020415774347916988,20000,220,0.8163265306122448,0.6326530612244897,0.7777777777777778,0.6262626262626263,auc,1,0.23870313036675994,220
,gbdt,149,0.030645651529774956,60000,350,0.673469387755102,0.9387755102040816,0.7777777777777778,0.8131313131313131,auc,1,0.23871253409355575,198
,goss,32,0.013253702234594397,100000,150,1.0,0.16326530612244897,0.8222222222222222,1.0,auc,1,0.23873297172456565,248
balanced,gbdt,148,0.026049995829899114,20000,365,0.3877551020408163,0.6122448979591836,0.7777777777777778,0.9090909090909092,auc,1,0.23875357755960847,249
balanced,dart,78,0.09008212992267725,20000,485,0.36734693877551017,0.7142857142857142,0.6444444444444444,0.601010101010101,auc,1,0.23876432804002723,23
balanced,dart,148,0.005668844818808548,280000,250,0.7551020408163265,0.4081632653061224,0.6888888888888889,0.5454545454545454,auc,1,0.2387704487044422,318
,gbdt,136,0.020415774347916988,60000,415,0.1020408163265306,0.3061224489795918,0.6,0.5707070707070707,auc,1,0.23879321287756627,212
balanced,gbdt,69,0.02173842819275145,20000,330,0.5714285714285714,0.4897959183673469,0.7777777777777778,0.7171717171717171,auc,1,0.23883883401637251,202
balanced,gbdt,107,0.02733098511444611,20000,400,1.0,0.9795918367346939,0.8222222222222222,0.5858585858585859,auc,1,0.23885800563169524,62
balanced,gbdt,98,0.03323911555708387,140000,150,0.4081632653061224,0.3877551020408163,0.8222222222222222,0.9696969696969697,auc,1,0.2388626892729897,149
,dart,96,0.13176983516071486,60000,380,0.1020408163265306,0.4897959183673469,0.7777777777777778,0.8383838383838385,auc,1,0.23888467438110172,364
,goss,143,0.005443199705065208,220000,175,0.04081632653061224,0.6530612244897959,0.6888888888888889,1.0,auc,1,0.23892871552335948,232
balanced,gbdt,64,0.023232400445675372,160000,185,0.24489795918367346,0.02040816326530612,0.7777777777777778,0.893939393939394,auc,1,0.23894902616032476,44
,goss,128,0.014481886418058792,60000,155,0.9795918367346939,0.673469387755102,0.8222222222222222,1.0,auc,1,0.23897780699170335,275
,goss,113,0.05120096036007925,240000,420,0.9183673469387754,0.18367346938775508,0.6,1.0,auc,1,0.23898939568888578,347
balanced,dart,86,0.02206189400106402,120000,325,0.8571428571428571,0.3877551020408163,0.8222222222222222,0.9848484848484849,auc,1,0.23899833741527132,209
balanced,dart,97,0.019530883658574666,80000,410,0.7959183673469387,0.6530612244897959,0.7777777777777778,0.5555555555555556,auc,1,0.23902656569640235,197
,gbdt,91,0.009863796797595439,260000,150,0.1020408163265306,0.3061224489795918,0.7777777777777778,0.7121212121212122,auc,1,0.23903709835259845,474
balanced,gbdt,52,0.006693595023309685,60000,290,0.4081632653061224,0.7959183673469387,0.9111111111111111,0.6717171717171717,auc,1,0.2390642487262189,92
,goss,63,0.007759004062869183,180000,400,0.36734693877551017,0.8163265306122448,0.7777777777777778,1.0,auc,1,0.23910347390667652,162
,dart,135,0.034235665037768974,260000,355,0.04081632653061224,0.836734693877551,0.6444444444444444,0.5555555555555556,auc,1,0.23911127520971953,296
balanced,dart,101,0.18783119153687952,200000,260,0.673469387755102,0.18367346938775508,1.0,0.5858585858585859,auc,1,0.23918465506006514,33
balanced,dart,39,0.02576301385940817,20000,385,0.32653061224489793,0.9591836734693877,0.6,0.595959595959596,auc,1,0.2392281408486745,335
,gbdt,77,0.008572448761425775,40000,350,0.2040816326530612,0.061224489795918366,0.8666666666666667,0.6262626262626263,auc,1,0.23925869202749883,380
,gbdt,51,0.007932826597476558,100000,380,0.9387755102040816,0.24489795918367346,0.6,0.8585858585858586,auc,1,0.23926275079081116,399
,dart,129,0.05371872972971951,40000,205,0.3061224489795918,0.42857142857142855,0.6444444444444444,0.994949494949495,auc,1,0.23926419678481348,151
,goss,62,0.010817719303025709,240000,450,0.36734693877551017,0.14285714285714285,0.7333333333333333,1.0,auc,1,0.23927227618519087,437
,goss,63,0.0653310906134197,60000,445,0.7959183673469387,0.16326530612244897,0.9111111111111111,1.0,auc,1,0.23933682111871157,372
,goss,139,0.07138514334220704,40000,270,0.4081632653061224,0.8571428571428571,0.8666666666666667,1.0,auc,1,0.2393439709114673,363
balanced,dart,75,0.0255734511264479,240000,340,0.5102040816326531,0.1020408163265306,0.8222222222222222,0.898989898989899,auc,1,0.2393607865489702,187
balanced,dart,81,0.00540314896341784,180000,145,0.8571428571428571,0.5510204081632653,0.8666666666666667,0.6060606060606061,auc,1,0.23937106465639668,349
balanced,dart,123,0.022225427381851903,200000,405,0.4693877551020408,0.5102040816326531,0.8666666666666667,0.7878787878787878,auc,1,0.23938090599401796,431
,dart,36,0.012401415643146391,200000,470,0.3877551020408163,0.8979591836734693,1.0,0.5151515151515151,auc,1,0.23939682706640608,16
balanced,goss,41,0.022891772973308803,40000,250,0.061224489795918366,1.0,0.6,1.0,auc,1,0.23940229846325445,12
,goss,75,0.03215262878550817,220000,440,0.3469387755102041,0.16326530612244897,0.6888888888888889,1.0,auc,1,0.23940857135231886,158
,gbdt,47,0.039979065841380605,20000,450,0.6326530612244897,1.0,0.8222222222222222,0.9595959595959596,auc,1,0.2394190064501761,375
balanced,gbdt,44,0.015941177296637712,120000,370,0.8571428571428571,0.5918367346938775,0.7333333333333333,0.6515151515151515,auc,1,0.23942146699483646,350
balanced,dart,43,0.07325436052214492,80000,275,0.04081632653061224,0.6938775510204082,0.9555555555555555,0.6616161616161617,auc,1,0.2394507207598876,263
,gbdt,40,0.09591817970764478,280000,375,0.061224489795918366,0.2040816326530612,0.6,0.7676767676767677,auc,1,0.23948604697086406,324
,dart,103,0.07244734769700005,80000,355,0.5510204081632653,0.02040816326530612,0.6,0.5757575757575758,auc,1,0.23948666736340507,134
balanced,dart,110,0.036859720835735944,220000,195,0.3061224489795918,0.6122448979591836,0.7777777777777778,0.7575757575757576,auc,1,0.2394963547943364,199
,gbdt,90,0.04549470675187697,140000,195,0.14285714285714285,0.02040816326530612,0.7777777777777778,0.9292929292929293,auc,1,0.23950362597433583,308
,gbdt,139,0.04880119755222093,260000,430,0.5306122448979591,0.24489795918367346,0.6888888888888889,0.7070707070707071,auc,1,0.23952322426722195,128
balanced,dart,88,0.03658850918884146,280000,265,0.6938775510204082,0.6122448979591836,0.9555555555555555,0.5202020202020202,auc,1,0.23955050303658743,495
balanced,gbdt,68,0.06930722759417562,200000,180,0.7346938775510203,0.04081632653061224,0.8222222222222222,0.8383838383838385,auc,1,0.23955335129154354,341
,gbdt,72,0.006868866546589226,280000,320,0.7551020408163265,0.18367346938775508,0.9111111111111111,0.7121212121212122,auc,1,0.23957492962623617,182
,gbdt,138,0.014806319577609457,140000,410,0.8163265306122448,0.16326530612244897,0.7777777777777778,0.7676767676767677,auc,1,0.23958216576372882,316
balanced,gbdt,53,0.17190154729390325,20000,490,0.6122448979591836,0.2040816326530612,0.6444444444444444,0.5757575757575758,auc,1,0.23960463614047545,377
,dart,97,0.14292118324159045,160000,225,0.22448979591836732,0.3061224489795918,0.6888888888888889,0.6313131313131313,auc,1,0.23960967160853852,114
balanced,dart,87,0.008384610951889282,280000,445,0.8979591836734693,0.7755102040816326,0.6888888888888889,0.9545454545454546,auc,1,0.23962341219598104,423
balanced,dart,68,0.03824623403550541,180000,160,0.04081632653061224,0.061224489795918366,0.6,0.6818181818181819,auc,1,0.23968533931407066,416
,gbdt,67,0.12375242573427632,40000,480,0.6938775510204082,0.061224489795918366,0.9555555555555555,0.7373737373737375,auc,1,0.23968942499002832,470
balanced,dart,58,0.1392742913816653,80000,430,0.2040816326530612,0.0,0.8222222222222222,0.9090909090909092,auc,1,0.23971041180720554,462
,dart,86,0.009506211670468586,200000,390,0.5102040816326531,0.5918367346938775,0.8666666666666667,0.5303030303030303,auc,1,0.23971458747232066,95
,gbdt,112,0.008829461296754142,180000,485,0.6530612244897959,0.24489795918367346,1.0,0.8636363636363636,auc,1,0.23974026942473436,274
,gbdt,49,0.15790486901843698,260000,340,0.2040816326530612,0.3877551020408163,0.8666666666666667,0.6464646464646464,auc,1,0.23975945701944024,188
balanced,goss,119,0.031798416645683614,160000,415,0.8979591836734693,0.14285714285714285,0.8222222222222222,1.0,auc,1,0.2397651633412543,393
balanced,gbdt,90,0.006217075765108202,200000,405,0.7346938775510203,0.7755102040816326,0.7777777777777778,0.9545454545454546,auc,1,0.23977883468470318,362
,dart,88,0.061583063540367876,40000,355,0.4897959183673469,0.8979591836734693,0.6444444444444444,0.9848484848484849,auc,1,0.23977893728916322,140
,gbdt,139,0.19926284742685216,100000,260,0.673469387755102,0.0,0.6444444444444444,0.8787878787878789,auc,1,0.23978050803448991,374
balanced,gbdt,56,0.036185428799389435,240000,425,0.08163265306122448,0.3469387755102041,0.6,0.7121212121212122,auc,1,0.23979953723706493,154
balanced,goss,64,0.1466635688219004,180000,490,0.7959183673469387,0.2040816326530612,0.7777777777777778,1.0,auc,1,0.2398034149007019,112
balanced,gbdt,70,0.015941177296637712,160000,410,0.7346938775510203,0.4693877551020408,0.6888888888888889,0.9696969696969697,auc,1,0.23984340933426973,387
balanced,dart,137,0.01827493947281459,60000,445,0.26530612244897955,0.7755102040816326,0.8222222222222222,0.8282828282828283,auc,1,0.2398446481569716,353
balanced,goss,76,0.055533968216953146,80000,460,0.6122448979591836,1.0,0.8222222222222222,1.0,auc,1,0.23988324173128606,0
balanced,dart,140,0.018410402123280545,180000,320,0.26530612244897955,0.44897959183673464,0.8222222222222222,0.8333333333333334,auc,1,0.2398844990564315,352
balanced,gbdt,98,0.013752252757425896,200000,410,0.5714285714285714,0.8571428571428571,0.6888888888888889,0.7575757575757576,auc,1,0.23989104780010995,365
,gbdt,42,0.11409670959818123,200000,425,0.7755102040816326,0.5918367346938775,0.8666666666666667,0.9595959595959596,auc,1,0.23991437741912436,490
,dart,122,0.017940627495625486,180000,405,0.7551020408163265,0.5306122448979591,0.8222222222222222,0.7828282828282829,auc,1,0.23991559661802242,388
balanced,gbdt,89,0.04862132791047936,160000,410,0.3877551020408163,0.9795918367346939,0.6888888888888889,0.7222222222222222,auc,1,0.23993833612122173,191
,goss,138,0.053126932824615544,140000,450,0.673469387755102,0.673469387755102,0.6444444444444444,1.0,auc,1,0.2399586770349127,130
,dart,43,0.02206189400106402,240000,385,0.7551020408163265,0.22448979591836732,0.6,0.6111111111111112,auc,1,0.23998057019148678,67
balanced,goss,88,0.0648503883108266,100000,435,0.22448979591836732,0.6326530612244897,0.6444444444444444,1.0,auc,1,0.24000674890647755,157
balanced,dart,81,0.11970733093385101,180000,425,0.9591836734693877,0.8775510204081632,0.6444444444444444,0.8787878787878789,auc,1,0.24000879006241616,185
,dart,77,0.00847800965849652,20000,150,0.9183673469387754,0.7959183673469387,0.8666666666666667,0.51010101010101,auc,1,0.2400285969283027,451
balanced,gbdt,119,0.014643204512415313,280000,350,0.7755102040816326,0.673469387755102,0.8222222222222222,0.696969696969697,auc,1,0.2400509829226931,116
balanced,dart,134,0.04651391039898864,20000,310,0.6122448979591836,0.02040816326530612,1.0,0.9797979797979799,auc,1,0.2400672188169628,361
,gbdt,54,0.030085036356717453,220000,385,0.2857142857142857,0.5918367346938775,0.7777777777777778,0.6363636363636364,auc,1,0.24008913832550183,327
balanced,gbdt,66,0.006571145972790277,160000,375,0.0,0.32653061224489793,0.7333333333333333,0.696969696969697,auc,1,0.24014153836717167,413
,gbdt,109,0.09627301922688382,140000,180,0.16326530612244897,0.22448979591836732,0.7777777777777778,0.6717171717171717,auc,1,0.24018357816177882,286
balanced,gbdt,128,0.02920930552675974,260000,230,0.7346938775510203,0.3469387755102041,1.0,0.5353535353535354,auc,1,0.24018630727221157,396
balanced,gbdt,112,0.03448943627095857,120000,210,0.02040816326530612,0.32653061224489793,1.0,0.6717171717171717,auc,1,0.2401906197432735,485
,goss,129,0.025858321500565308,240000,440,0.5918367346938775,0.673469387755102,0.6888888888888889,1.0,auc,1,0.24021804765354815,184
,goss,144,0.03215262878550817,260000,245,0.12244897959183673,0.24489795918367346,0.7333333333333333,1.0,auc,1,0.2402690330993017,171
,goss,138,0.020116443522038775,120000,405,0.5102040816326531,0.7959183673469387,0.7333333333333333,1.0,auc,1,0.24027337192232878,373
balanced,goss,92,0.036859720835735944,200000,425,0.6530612244897959,0.7346938775510203,0.7777777777777778,1.0,auc,1,0.24029092457383538,464
balanced,dart,80,0.02614636513157514,120000,125,0.6122448979591836,0.673469387755102,0.6888888888888889,0.6717171717171717,auc,1,0.24029667687141854,64
balanced,gbdt,129,0.026831006677541923,240000,205,0.0,0.8163265306122448,0.9555555555555555,0.9747474747474748,auc,1,0.2403526683495294,321
balanced,gbdt,54,0.04989447547573647,160000,395,0.2040816326530612,0.6122448979591836,0.8666666666666667,0.5606060606060606,auc,1,0.24035789949495057,201
,dart,90,0.005304306643546163,140000,355,0.3469387755102041,0.7142857142857142,0.6888888888888889,0.898989898989899,auc,1,0.24036784231567165,155
balanced,gbdt,80,0.07138514334220704,220000,340,0.6938775510204082,0.7346938775510203,0.7777777777777778,0.9646464646464648,auc,1,0.24037637082081653,183
balanced,goss,118,0.05891383931113318,60000,425,0.2040816326530612,0.5714285714285714,0.6444444444444444,1.0,auc,1,0.2403906359245015,330
,gbdt,96,0.030645651529774956,240000,470,0.9795918367346939,0.6530612244897959,1.0,0.8636363636363636,auc,1,0.2404221769840591,78
,dart,65,0.09591817970764478,280000,465,0.1020408163265306,0.16326530612244897,0.6888888888888889,0.7676767676767677,auc,1,0.24044414471108766,224
,dart,130,0.01093822113634156,60000,365,0.4897959183673469,0.04081632653061224,0.8666666666666667,0.6414141414141414,auc,1,0.24045247866023467,84
balanced,gbdt,94,0.02473753188230597,120000,160,0.8775510204081632,0.4897959183673469,1.0,0.6868686868686869,auc,1,0.24047243859179124,156
balanced,goss,118,0.008140547350944652,40000,295,0.26530612244897955,0.7551020408163265,0.6888888888888889,1.0,auc,1,0.24048178653091623,245
balanced,gbdt,147,0.06045649588392399,180000,480,0.12244897959183673,0.18367346938775508,1.0,0.5353535353535354,auc,1,0.24048583660368705,338
balanced,dart,112,0.005795842171396196,220000,455,0.04081632653061224,0.36734693877551017,0.9111111111111111,0.8383838383838385,auc,1,0.24053684728004554,389
,dart,74,0.051390373088866674,220000,495,0.8571428571428571,0.5918367346938775,0.6,0.7222222222222222,auc,1,0.240551996856603,43
,gbdt,130,0.006971074647836605,240000,405,0.7346938775510203,0.44897959183673464,0.9111111111111111,0.994949494949495,auc,1,0.24055485492346107,205
balanced,dart,65,0.014216962526570596,160000,220,0.14285714285714285,1.0,0.8222222222222222,0.696969696969697,auc,1,0.2406140456422765,354
balanced,dart,66,0.0502643173513611,140000,395,0.8571428571428571,0.9387755102040816,0.8222222222222222,0.5555555555555556,auc,1,0.24065827180897048,260
balanced,goss,61,0.027943272602300912,220000,460,0.7142857142857142,0.673469387755102,0.6444444444444444,1.0,auc,1,0.24066215227600796,31
balanced,goss,140,0.03215262878550817,280000,495,0.42857142857142855,0.08163265306122448,0.6,1.0,auc,1,0.24067969034983183,129
balanced,dart,133,0.01868434721035691,240000,345,0.2857142857142857,0.8163265306122448,0.7777777777777778,0.5707070707070707,auc,1,0.2406890736118037,192
balanced,gbdt,80,0.06581535611293016,20000,435,0.7551020408163265,0.8979591836734693,0.7333333333333333,0.9646464646464648,auc,1,0.24069025468445426,120
balanced,gbdt,104,0.01605934097818438,280000,425,0.8775510204081632,0.6122448979591836,0.6444444444444444,0.6111111111111112,auc,1,0.24069811906400962,227
balanced,goss,101,0.053323470492027424,100000,430,0.6938775510204082,0.7346938775510203,0.9111111111111111,1.0,auc,1,0.2407255601502668,179
,gbdt,129,0.006080848424946632,20000,335,0.8571428571428571,0.4081632653061224,0.9555555555555555,0.5,auc,1,0.24073618167426036,475
,goss,142,0.00588208376881987,120000,115,0.7959183673469387,0.8979591836734693,0.8666666666666667,1.0,auc,1,0.24082058589725808,478
,gbdt,60,0.10636616732547971,40000,200,0.1020408163265306,0.8979591836734693,0.9111111111111111,0.6262626262626263,auc,1,0.24082059542881984,65
,gbdt,148,0.01996842791981582,180000,375,0.2857142857142857,0.061224489795918366,0.8666666666666667,0.8434343434343434,auc,1,0.2408318107130495,463
balanced,goss,42,0.09879392446119441,20000,265,0.6938775510204082,0.8163265306122448,0.9111111111111111,1.0,auc,1,0.24085679854348763,467
,gbdt,109,0.02340461018381101,260000,495,0.04081632653061224,0.9795918367346939,1.0,0.9595959595959596,auc,1,0.24091106228584114,132
balanced,dart,118,0.01416456217402655,40000,290,0.9795918367346939,0.08163265306122448,0.7777777777777778,0.7676767676767677,auc,1,0.24097818270344473,196
balanced,dart,72,0.1477507098101902,120000,320,0.5918367346938775,0.4693877551020408,0.9555555555555555,0.5808080808080808,auc,1,0.24100705436500114,100
balanced,goss,114,0.03740819008514941,240000,235,0.3877551020408163,1.0,0.7777777777777778,1.0,auc,1,0.2410075982247073,68
balanced,goss,116,0.04133001995671539,160000,150,0.7142857142857142,0.9387755102040816,0.8222222222222222,1.0,auc,1,0.241007621212592,367
balanced,gbdt,86,0.11283975359861685,160000,400,0.26530612244897955,0.5510204081632653,0.8666666666666667,0.7525252525252526,auc,1,0.24101052189113803,359
balanced,dart,142,0.08366915310252615,120000,425,0.2857142857142857,0.44897959183673464,0.7333333333333333,0.6161616161616161,auc,1,0.2410318445557008,319
,gbdt,110,0.11665278239979583,40000,205,0.8775510204081632,0.02040816326530612,1.0,0.8585858585858586,auc,1,0.24107880571996876,469
,dart,70,0.011646863384981408,220000,375,0.1020408163265306,0.18367346938775508,0.8222222222222222,0.5606060606060606,auc,1,0.24112083177791332,1
balanced,dart,131,0.1103672311333934,240000,335,0.7142857142857142,0.7142857142857142,1.0,0.9393939393939394,auc,1,0.24114262233002726,244
,gbdt,81,0.05234799941715502,80000,165,0.5306122448979591,0.14285714285714285,0.9555555555555555,0.5202020202020202,auc,1,0.24114417793699094,190
balanced,goss,58,0.010197109660117238,40000,230,0.7755102040816326,0.7755102040816326,0.8666666666666667,1.0,auc,1,0.24115439324824528,2
,gbdt,68,0.012726146225595376,20000,375,0.6326530612244897,0.22448979591836732,0.7333333333333333,0.5707070707070707,auc,1,0.2411639923720592,22
,goss,32,0.020567105897255245,120000,425,0.22448979591836732,0.0,0.8666666666666667,1.0,auc,1,0.2411917401503363,72
balanced,gbdt,79,0.026535420635346134,40000,310,0.26530612244897955,0.4693877551020408,0.9111111111111111,0.893939393939394,auc,1,0.24121070487469876,203
balanced,dart,103,0.055945612728102,80000,145,0.3469387755102041,0.08163265306122448,0.7777777777777778,0.6212121212121212,auc,1,0.24123276203020472,409
balanced,goss,92,0.016358596399215775,160000,195,0.7142857142857142,0.7142857142857142,0.7333333333333333,1.0,auc,1,0.2412503895325061,311
,goss,84,0.013651064494620752,60000,220,0.4693877551020408,0.7142857142857142,0.6444444444444444,1.0,auc,1,0.24127972207311266,266
,goss,51,0.010197109660117238,40000,315,0.061224489795918366,0.9591836734693877,0.7333333333333333,1.0,auc,1,0.24128852222777042,127
,dart,87,0.010047602264310566,160000,295,0.061224489795918366,0.08163265306122448,0.6444444444444444,0.9292929292929293,auc,1,0.24134572505525775,333
,dart,57,0.06557277631737372,200000,370,0.7959183673469387,0.32653061224489793,0.8666666666666667,0.5606060606060606,auc,1,0.24135500459140946,107
,dart,51,0.17381641040122672,100000,420,0.14285714285714285,0.4693877551020408,0.6444444444444444,0.9444444444444444,auc,1,0.24136794004221462,315
balanced,dart,66,0.06273062405565992,240000,345,0.04081632653061224,0.18367346938775508,0.9111111111111111,0.5505050505050505,auc,1,0.24138121975060733,487
,goss,139,0.14720613573058514,120000,285,0.22448979591836732,0.18367346938775508,0.6444444444444444,1.0,auc,1,0.2414279998151997,440
balanced,dart,141,0.06461136515776175,20000,475,0.9591836734693877,0.673469387755102,0.6,0.8838383838383839,auc,1,0.24150714345707058,256
balanced,dart,30,0.013500676394233089,120000,450,0.7959183673469387,0.02040816326530612,1.0,1.0,auc,1,0.24153974756611563,257
balanced,dart,104,0.02846397739454339,60000,190,0.7959183673469387,0.26530612244897955,0.9555555555555555,0.8737373737373737,auc,1,0.2415491927832396,5
,goss,74,0.007533150951473343,120000,395,0.5510204081632653,0.2857142857142857,0.6888888888888889,1.0,auc,1,0.2415636123542947,355
balanced,dart,143,0.04952735487476894,280000,150,0.5714285714285714,0.5918367346938775,0.9111111111111111,0.9595959595959596,auc,1,0.2415712832992123,283
balanced,dart,145,0.005753196707328522,220000,365,0.6122448979591836,0.8979591836734693,0.9111111111111111,0.6212121212121212,auc,1,0.24159313552613837,126
balanced,goss,49,0.005544630207207856,240000,295,0.4081632653061224,0.3877551020408163,0.7777777777777778,1.0,auc,1,0.24160693582601245,438
balanced,dart,72,0.15330849225623966,140000,225,0.04081632653061224,0.18367346938775508,0.9555555555555555,0.8080808080808082,auc,1,0.24161282380818183,18
balanced,dart,87,0.12329630363895973,260000,365,0.2040816326530612,0.5918367346938775,0.6,0.8131313131313131,auc,1,0.24162966523696983,458
,goss,93,0.08876136893232202,140000,210,0.26530612244897955,0.9183673469387754,0.7777777777777778,1.0,auc,1,0.24164699557881297,492
,goss,81,0.0255734511264479,120000,365,0.18367346938775508,0.2857142857142857,0.6,1.0,auc,1,0.24168106194158356,17
,goss,98,0.029863672437724486,20000,255,0.5714285714285714,0.8163265306122448,0.6444444444444444,1.0,auc,1,0.24169772086899588,255
,goss,130,0.007874457328332661,120000,335,0.2040816326530612,0.2040816326530612,0.6,1.0,auc,1,0.2417686875521503,55
balanced,gbdt,106,0.1499492267569419,40000,315,0.5510204081632653,0.2040816326530612,0.6,0.5303030303030303,auc,1,0.24177018456804245,471
,gbdt,130,0.007874457328332661,80000,420,0.6122448979591836,0.2857142857142857,0.7777777777777778,0.7272727272727273,auc,1,0.24183495237190678,230
balanced,gbdt,139,0.020042299081514503,260000,350,0.18367346938775508,0.0,0.8222222222222222,0.5050505050505051,auc,1,0.2418352111257771,8
,dart,108,0.015250231211196221,40000,355,0.6530612244897959,0.8775510204081632,1.0,0.5202020202020202,auc,1,0.24187686741518954,448
,goss,119,0.04600148599214018,220000,415,0.0,0.2040816326530612,0.7333333333333333,1.0,auc,1,0.24191262591053042,427
,goss,90,0.012773225305100642,40000,390,0.44897959183673464,0.7959183673469387,0.6888888888888889,1.0,auc,1,0.2419139238849839,269
,goss,123,0.013401339215436023,180000,225,0.2857142857142857,0.061224489795918366,0.8666666666666667,1.0,auc,1,0.2419272153676587,80
balanced,dart,81,0.16505910488604397,120000,225,0.24489795918367346,0.3061224489795918,0.9111111111111111,0.9797979797979799,auc,1,0.24205159299872014,445
balanced,goss,33,0.01854686888813489,200000,290,0.5306122448979591,0.26530612244897955,0.7333333333333333,1.0,auc,1,0.24207728616473623,294
balanced,dart,56,0.19706765150537875,220000,355,0.7959183673469387,0.4693877551020408,0.8222222222222222,0.595959595959596,auc,1,0.24210101190424793,366
,gbdt,49,0.06930722759417562,120000,395,0.5510204081632653,0.4693877551020408,0.9555555555555555,0.5656565656565656,auc,1,0.24210817459264633,103
balanced,dart,60,0.08123366803215583,280000,135,0.6530612244897959,0.6122448979591836,0.9555555555555555,0.8333333333333334,auc,1,0.24211167519890964,52
balanced,goss,53,0.010234832826887624,40000,300,0.22448979591836732,0.12244897959183673,0.8222222222222222,1.0,auc,1,0.2421332891367891,425
balanced,dart,117,0.028254541131562887,220000,365,0.673469387755102,0.5918367346938775,0.8222222222222222,0.5050505050505051,auc,1,0.24213517442365728,344
,dart,49,0.13572045654755216,180000,280,0.3061224489795918,0.4693877551020408,1.0,0.51010101010101,auc,1,0.24219777884331917,481
,gbdt,110,0.013059379865615542,140000,395,0.7959183673469387,0.08163265306122448,0.8222222222222222,0.7575757575757576,auc,1,0.24221520478112113,407
,dart,130,0.033116604059273545,80000,405,0.5510204081632653,0.1020408163265306,1.0,0.9191919191919192,auc,1,0.24222168624318652,382
,goss,109,0.012310166759971456,80000,420,0.4081632653061224,0.673469387755102,0.8222222222222222,1.0,auc,1,0.24222355779339189,498
,dart,54,0.028254541131562887,120000,115,0.16326530612244897,0.8163265306122448,0.7333333333333333,0.6919191919191919,auc,1,0.24223533740215153,110
balanced,dart,123,0.005753196707328522,60000,205,0.7551020408163265,0.24489795918367346,0.9111111111111111,0.8484848484848485,auc,1,0.24226987165247338,313
balanced,goss,80,0.12559385042541965,280000,480,0.061224489795918366,0.8571428571428571,1.0,1.0,auc,1,0.24228082509909177,204
balanced,gbdt,44,0.10063488527646947,80000,135,0.5306122448979591,0.16326530612244897,0.7333333333333333,0.5202020202020202,auc,1,0.24228502851787237,477
balanced,goss,123,0.05913178504865036,80000,395,0.5918367346938775,0.7959183673469387,0.9111111111111111,1.0,auc,1,0.2423012397422173,50
balanced,goss,35,0.06319561364496086,20000,265,0.8979591836734693,0.5918367346938775,0.6,1.0,auc,1,0.2423054521318797,167
,gbdt,149,0.18783119153687952,120000,485,0.08163265306122448,0.4693877551020408,1.0,0.5757575757575758,auc,1,0.2423450479218896,460
balanced,gbdt,116,0.18783119153687952,240000,350,0.12244897959183673,0.061224489795918366,0.9555555555555555,0.893939393939394,auc,1,0.24240148710306797,291
,dart,91,0.06226905583226853,60000,185,0.44897959183673464,0.04081632653061224,0.6444444444444444,0.5303030303030303,auc,1,0.24241128022219982,113
balanced,dart,91,0.010897905447059984,180000,155,0.9387755102040816,1.0,0.9555555555555555,0.8787878787878789,auc,1,0.24242009943998144,131
balanced,gbdt,66,0.005363392912759854,120000,440,0.3061224489795918,0.7346938775510203,0.9555555555555555,0.6313131313131313,auc,1,0.24244657391372992,137
,dart,45,0.008540852748112464,260000,290,0.5714285714285714,0.1020408163265306,0.9555555555555555,0.7171717171717171,auc,1,0.24248041516343655,96
,goss,149,0.009719176349142045,240000,305,0.6530612244897959,0.5510204081632653,0.6888888888888889,1.0,auc,1,0.24251980490350644,483
,dart,60,0.06581535611293016,100000,355,0.5306122448979591,0.5918367346938775,1.0,0.7676767676767677,auc,1,0.2425199646973375,11
,goss,111,0.012867906601167418,180000,380,0.9387755102040816,0.4081632653061224,0.9555555555555555,1.0,auc,1,0.2425387376691026,87
,goss,45,0.008261677945375495,180000,380,0.9591836734693877,0.9795918367346939,0.8222222222222222,1.0,auc,1,0.24254588157471724,300
,goss,135,0.14720613573058514,120000,150,0.4081632653061224,0.9183673469387754,0.9555555555555555,1.0,auc,1,0.24255041130932142,420
,goss,38,0.0371329428339413,120000,315,0.673469387755102,0.8775510204081632,0.6,1.0,auc,1,0.242562548631991,206
,goss,97,0.042884687678484024,260000,375,0.673469387755102,0.02040816326530612,0.7333333333333333,1.0,auc,1,0.24263763014646877,320
balanced,goss,117,0.043845419886860144,120000,200,0.7142857142857142,0.7755102040816326,0.8666666666666667,1.0,auc,1,0.242653598035646,298
,gbdt,62,0.02071955918890094,260000,175,0.42857142857142855,0.04081632653061224,0.9555555555555555,0.5303030303030303,auc,1,0.24274483947223857,10
balanced,goss,89,0.01827493947281459,160000,255,0.32653061224489793,0.2857142857142857,0.8222222222222222,1.0,auc,1,0.24280813745319585,415
,dart,114,0.011561166452715621,180000,395,0.26530612244897955,0.26530612244897955,0.9555555555555555,0.696969696969697,auc,1,0.24282462341079425,482
balanced,goss,41,0.032390959551047066,200000,215,0.36734693877551017,0.44897959183673464,0.9555555555555555,1.0,auc,1,0.24287154112235387,102
balanced,dart,134,0.037270312367259056,280000,450,0.16326530612244897,0.6326530612244897,1.0,0.8333333333333334,auc,1,0.24287589620510397,7
balanced,dart,138,0.00617133088915982,160000,210,0.26530612244897955,0.8163265306122448,0.9555555555555555,0.51010101010101,auc,1,0.24288586930255096,433
balanced,goss,85,0.031332196449772066,60000,365,0.42857142857142855,0.673469387755102,0.8222222222222222,1.0,auc,1,0.24295927466384137,391
balanced,gbdt,136,0.06461136515776175,120000,150,0.0,0.9591836734693877,0.6,0.7424242424242424,auc,1,0.24298125893093325,265
,gbdt,83,0.11494244934547872,160000,350,0.32653061224489793,0.061224489795918366,0.6444444444444444,0.6565656565656566,auc,1,0.2430001252559364,104
balanced,goss,138,0.08305352042021888,280000,385,0.6326530612244897,0.4693877551020408,0.7777777777777778,1.0,auc,1,0.24307673854847311,150
,goss,88,0.008200889007454273,80000,375,0.7346938775510203,0.0,0.6888888888888889,1.0,auc,1,0.24308017607822419,331
,goss,117,0.024284996692974452,60000,365,0.673469387755102,0.16326530612244897,0.7333333333333333,1.0,auc,1,0.24309584035912235,47
balanced,goss,83,0.010272695546664568,100000,155,0.42857142857142855,0.7959183673469387,0.8666666666666667,1.0,auc,1,0.24309766481219852,247
balanced,goss,107,0.13323765904001916,280000,270,0.6122448979591836,1.0,0.7333333333333333,1.0,auc,1,0.24310150070516734,253
balanced,goss,54,0.010978685969402198,100000,335,0.8163265306122448,0.3877551020408163,0.6888888888888889,1.0,auc,1,0.2431811273729524,424
,goss,51,0.03754657786758937,120000,125,0.6326530612244897,0.3469387755102041,0.7333333333333333,1.0,auc,1,0.2431908467626499,480
balanced,dart,49,0.011820167638891784,80000,395,0.4693877551020408,0.22448979591836732,1.0,0.7727272727272727,auc,1,0.24330108235931047,85
balanced,gbdt,78,0.08153418369872095,140000,170,1.0,0.673469387755102,0.6,0.6313131313131313,auc,1,0.24331227129157484,88
balanced,dart,139,0.007153611964206487,60000,355,0.2857142857142857,0.6326530612244897,0.9111111111111111,0.5252525252525253,auc,1,0.2434058117969562,426
,goss,145,0.032390959551047066,240000,200,0.673469387755102,0.22448979591836732,0.9111111111111111,1.0,auc,1,0.24343690122868555,243
,gbdt,114,0.16203960182341529,140000,445,0.02040816326530612,0.3877551020408163,0.6888888888888889,0.601010101010101,auc,1,0.24347057651707982,411
,goss,149,0.13031818168665613,280000,375,0.3061224489795918,0.6938775510204082,0.8222222222222222,1.0,auc,1,0.24348443821142607,289
balanced,goss,78,0.008732190793608503,60000,375,0.6122448979591836,0.6326530612244897,0.8666666666666667,1.0,auc,1,0.24355272512399728,115
,dart,97,0.0054835473220934666,140000,355,0.5918367346938775,1.0,0.9111111111111111,0.6363636363636364,auc,1,0.2435627007445046,493
,goss,131,0.05741054640417811,100000,185,0.3061224489795918,0.4693877551020408,0.9111111111111111,1.0,auc,1,0.243585091504676,214
balanced,goss,132,0.008080649684776451,60000,105,1.0,0.1020408163265306,0.6444444444444444,1.0,auc,1,0.24360232737192078,332
balanced,dart,35,0.016419113357517282,260000,440,0.42857142857142855,0.061224489795918366,1.0,0.7929292929292929,auc,1,0.24362994955785333,277
balanced,dart,96,0.15330849225623966,260000,420,0.6326530612244897,0.9387755102040816,0.9555555555555555,0.696969696969697,auc,1,0.2436311822130739,225
,dart,67,0.051012245761693865,200000,120,1.0,0.8571428571428571,0.8222222222222222,0.9646464646464648,auc,1,0.24366203223439653,496
,goss,30,0.035919178553436674,160000,375,0.24489795918367346,0.16326530612244897,0.9555555555555555,1.0,auc,1,0.2436669325785532,414
balanced,dart,135,0.006263159724102542,260000,305,0.18367346938775508,0.3469387755102041,0.6,0.803030303030303,auc,1,0.24370649725081717,386
balanced,goss,68,0.11325719275394726,20000,380,0.2857142857142857,0.5102040816326531,0.6444444444444444,1.0,auc,1,0.24377991831115087,237
balanced,goss,125,0.008446761725321852,200000,160,0.5714285714285714,0.6530612244897959,0.9555555555555555,1.0,auc,1,0.24386345067657833,200
,dart,127,0.009647663224128009,140000,240,0.7755102040816326,0.2040816326530612,0.9555555555555555,0.7878787878787878,auc,1,0.24388231784260161,325
balanced,goss,42,0.17253747952889908,100000,400,0.673469387755102,0.5918367346938775,0.6444444444444444,1.0,auc,1,0.2439115828212548,449
balanced,gbdt,127,0.005838803744176648,80000,340,0.08163265306122448,0.6326530612244897,0.9555555555555555,0.5858585858585859,auc,1,0.24392323543596972,273
balanced,goss,64,0.008021192742094972,260000,110,0.836734693877551,0.9591836734693877,0.6444444444444444,1.0,auc,1,0.24396900823874568,235
balanced,dart,68,0.024920898379346815,220000,190,0.3469387755102041,0.7959183673469387,1.0,0.9696969696969697,auc,1,0.24396995410609024,326
balanced,dart,79,0.010698544988293692,20000,350,0.6530612244897959,0.6530612244897959,0.9555555555555555,0.5,auc,1,0.2439750809650112,304
,dart,138,0.014916071147326697,240000,400,0.02040816326530612,0.5102040816326531,0.9555555555555555,0.702020202020202,auc,1,0.2441136098816954,147
,goss,30,0.08908973256031148,180000,150,0.04081632653061224,0.5306122448979591,0.9111111111111111,1.0,auc,1,0.24412291100403127,488
,gbdt,120,0.028359065923651342,220000,130,0.4081632653061224,0.3877551020408163,0.8666666666666667,0.5050505050505051,auc,1,0.2441379989057767,178
,goss,30,0.027432093305280215,80000,180,0.04081632653061224,0.3877551020408163,0.9111111111111111,1.0,auc,1,0.24420940488179688,395
balanced,goss,85,0.005991692591322071,60000,330,0.42857142857142855,0.7142857142857142,0.9111111111111111,1.0,auc,1,0.24422709181618973,122
balanced,goss,132,0.07771271823726773,260000,150,0.6122448979591836,0.6122448979591836,0.6888888888888889,1.0,auc,1,0.24427720372233286,456
balanced,dart,61,0.017547515998050538,20000,150,0.9795918367346939,0.5510204081632653,1.0,0.5909090909090909,auc,1,0.24441245742615758,422
,goss,66,0.07298436232037893,220000,315,0.8163265306122448,0.8163265306122448,0.9555555555555555,1.0,auc,1,0.2444997707379032,26
,goss,63,0.013854191076355483,200000,355,0.8163265306122448,0.673469387755102,0.8666666666666667,1.0,auc,1,0.24450747139886653,176
,gbdt,74,0.12935930820975056,240000,165,1.0,0.12244897959183673,1.0,0.6767676767676768,auc,1,0.2445300855900614,231
balanced,dart,141,0.03526209229500769,140000,380,0.44897959183673464,0.9183673469387754,1.0,0.5454545454545454,auc,1,0.24456020532554157,397
,goss,72,0.061583063540367876,80000,425,0.9183673469387754,0.44897959183673464,1.0,1.0,auc,1,0.24457176262463776,254
balanced,goss,38,0.027840280325796125,120000,375,0.7551020408163265,0.4693877551020408,0.9555555555555555,1.0,auc,1,0.24458133371444624,174
,goss,88,0.16025447891850195,200000,205,0.1020408163265306,0.7959183673469387,0.8666666666666667,1.0,auc,1,0.24459451670552002,74
,goss,143,0.1284074900672029,120000,185,0.14285714285714285,0.5510204081632653,0.8666666666666667,1.0,auc,1,0.24461956172532928,216
balanced,goss,133,0.01729023883744441,20000,330,0.5306122448979591,0.836734693877551,0.6444444444444444,1.0,auc,1,0.24468641413784054,303
balanced,goss,38,0.1510607226238384,80000,470,0.04081632653061224,0.5714285714285714,0.6444444444444444,1.0,auc,1,0.2447555530038381,394
,goss,98,0.018753468046486473,280000,310,0.9591836734693877,0.6122448979591836,0.6,1.0,auc,1,0.24482216095982157,69
,goss,89,0.057836101016393276,200000,315,0.12244897959183673,0.7755102040816326,0.7333333333333333,1.0,auc,1,0.24490637286954164,408
balanced,goss,140,0.015250231211196221,180000,110,0.4897959183673469,1.0,0.6888888888888889,1.0,auc,1,0.24494343943157804,175
,goss,55,0.1095551555712299,260000,375,0.6122448979591836,0.9183673469387754,0.6444444444444444,1.0,auc,1,0.24494739699213053,221
,goss,67,0.04272662488912983,200000,300,0.32653061224489793,0.836734693877551,0.9111111111111111,1.0,auc,1,0.24495372370648583,207
balanced,goss,62,0.008700006009044876,280000,375,0.6938775510204082,0.673469387755102,1.0,1.0,auc,1,0.24496294521224615,497
balanced,goss,98,0.005037062407420691,260000,105,0.2857142857142857,0.4693877551020408,0.7333333333333333,1.0,auc,1,0.24499344032305936,106
,dart,80,0.042100178118260397,280000,135,1.0,0.673469387755102,1.0,0.5656565656565656,auc,1,0.24501403550518008,193
,dart,41,0.16938117107675146,120000,150,0.3877551020408163,0.36734693877551017,0.9111111111111111,0.7272727272727273,auc,1,0.24509685524618852,77
balanced,goss,97,0.13824951937907706,220000,430,0.22448979591836732,0.9795918367346939,1.0,1.0,auc,1,0.24511703160026754,293
balanced,goss,71,0.03810526748634296,260000,305,0.4081632653061224,0.4897959183673469,0.8666666666666667,1.0,auc,1,0.24512353829293754,91
balanced,dart,138,0.008261677945375495,20000,90,0.7755102040816326,0.36734693877551017,0.7333333333333333,0.7121212121212122,auc,1,0.24517218486161463,168
balanced,goss,107,0.018753468046486473,100000,110,1.0,0.42857142857142855,0.6888888888888889,1.0,auc,1,0.24519583575033188,165
balanced,goss,116,0.06068014852203403,120000,295,0.673469387755102,0.9591836734693877,0.6444444444444444,1.0,auc,1,0.24520546122611098,258
balanced,dart,70,0.030987022671792253,160000,120,0.14285714285714285,0.6938775510204082,0.8222222222222222,0.7272727272727273,auc,1,0.24531289594528471,219
,goss,128,0.005991692591322071,60000,260,0.7142857142857142,0.9183673469387754,1.0,1.0,auc,1,0.24537910497737037,250
,goss,113,0.054922173584349414,40000,215,0.5918367346938775,0.2857142857142857,0.6444444444444444,1.0,auc,1,0.24541805962967533,278
,gbdt,51,0.17253747952889908,260000,230,0.6530612244897959,0.24489795918367346,0.6,0.6464646464646464,auc,1,0.2454393368791491,25
balanced,goss,132,0.030987022671792253,200000,315,0.5918367346938775,0.42857142857142855,0.8666666666666667,1.0,auc,1,0.24550885840932146,262
balanced,goss,87,0.16505910488604397,220000,430,0.24489795918367346,0.22448979591836732,1.0,1.0,auc,1,0.24551335674583963,40
balanced,goss,148,0.13876095937033864,40000,220,0.6122448979591836,0.18367346938775508,0.9111111111111111,1.0,auc,1,0.2457256358420815,430
,dart,44,0.02473753188230597,60000,385,1.0,0.061224489795918366,1.0,0.8585858585858586,auc,1,0.24581604859347228,73
balanced,goss,147,0.011863895143053077,240000,365,0.5306122448979591,0.02040816326530612,0.9555555555555555,1.0,auc,1,0.24586883606509757,133
,dart,54,0.014916071147326697,140000,325,0.7755102040816326,0.4897959183673469,0.8666666666666667,0.6666666666666667,auc,1,0.24591191171620708,143
balanced,goss,94,0.08778352184451428,220000,135,0.7551020408163265,0.0,1.0,1.0,auc,1,0.24598471042161907,459
,goss,97,0.1499492267569419,220000,225,0.24489795918367346,0.18367346938775508,1.0,1.0,auc,1,0.24607815925580245,121
balanced,dart,48,0.005585729675955174,240000,65,0.9795918367346939,0.32653061224489793,0.6888888888888889,0.8383838383838385,auc,1,0.2461384595605547,215
,dart,87,0.09734543338283685,60000,105,0.7346938775510203,0.24489795918367346,0.7333333333333333,0.6515151515151515,auc,1,0.24616438288575548,345
balanced,goss,117,0.14720613573058514,20000,480,0.5102040816326531,0.7959183673469387,0.6888888888888889,1.0,auc,1,0.24617148249764154,180
,gbdt,146,0.030308041131661214,160000,120,0.2040816326530612,0.12244897959183673,0.7333333333333333,0.8080808080808082,auc,1,0.24624230452532758,280
balanced,goss,50,0.09989441973977974,100000,210,1.0,0.9795918367346939,0.7333333333333333,1.0,auc,1,0.24630424285701946,383
,dart,87,0.1764027825708195,20000,170,0.836734693877551,0.42857142857142855,0.9555555555555555,0.702020202020202,auc,1,0.2463520509285928,441
,goss,47,0.008292241179990454,260000,135,0.18367346938775508,0.5306122448979591,1.0,1.0,auc,1,0.24659712084035634,276
,gbdt,77,0.022390172950796913,180000,125,0.8163265306122448,0.5510204081632653,0.9111111111111111,0.893939393939394,auc,1,0.24662244928396115,309
,gbdt,70,0.012310166759971456,260000,105,0.8775510204081632,0.7142857142857142,0.8222222222222222,0.7070707070707071,auc,1,0.24674832981805594,461
balanced,goss,131,0.12421023520674607,220000,360,0.2857142857142857,0.2040816326530612,1.0,1.0,auc,1,0.24690710068839183,9
,goss,48,0.0884342155747991,240000,160,0.8775510204081632,1.0,0.7333333333333333,1.0,auc,1,0.2469417137142691,306
balanced,goss,95,0.06068014852203403,40000,190,0.9183673469387754,0.3061224489795918,1.0,1.0,auc,1,0.24694299823239996,371
balanced,goss,121,0.051012245761693865,20000,245,0.4897959183673469,0.9795918367346939,1.0,1.0,auc,1,0.24728062493629266,268
balanced,goss,44,0.006194161098119677,160000,355,0.16326530612244897,0.3469387755102041,1.0,1.0,auc,1,0.24730574452655674,314
,goss,136,0.1764027825708195,280000,355,0.836734693877551,0.18367346938775508,0.6444444444444444,1.0,auc,1,0.24783264674316074,76
balanced,goss,52,0.13176983516071486,220000,365,0.5714285714285714,0.8775510204081632,0.6444444444444444,1.0,auc,1,0.24783421720814736,233
,goss,141,0.16203960182341529,100000,250,0.5714285714285714,0.8979591836734693,0.7777777777777778,1.0,auc,1,0.24822968227043152,111
balanced,gbdt,138,0.08397867859761513,200000,110,0.14285714285714285,0.8571428571428571,0.6444444444444444,0.893939393939394,auc,1,0.24833096408608424,145
,goss,107,0.04971057627082245,140000,360,0.5306122448979591,0.5510204081632653,1.0,1.0,auc,1,0.2483858400911172,90
,goss,87,0.00764524354345161,260000,105,0.7142857142857142,0.8163265306122448,0.8222222222222222,1.0,auc,1,0.24851952417097567,401
balanced,goss,68,0.012264794404456493,80000,100,0.2040816326530612,0.1020408163265306,0.6444444444444444,1.0,auc,1,0.24869010604815733,148
,gbdt,75,0.10755101209788154,280000,135,0.6938775510204082,0.04081632653061224,0.9555555555555555,0.7929292929292929,auc,1,0.2487339588018984,479
,dart,101,0.014481886418058792,220000,115,0.061224489795918366,0.8775510204081632,0.8666666666666667,0.6212121212121212,auc,1,0.24890943205235494,101
balanced,gbdt,120,0.16875687224624136,20000,180,0.5510204081632653,0.9795918367346939,0.8666666666666667,0.8333333333333334,auc,1,0.2490493500540103,48
,dart,71,0.03782489118082559,200000,100,0.2857142857142857,0.3469387755102041,0.6444444444444444,0.595959595959596,auc,1,0.249202633548115,79
balanced,gbdt,47,0.008384610951889282,140000,100,0.02040816326530612,0.4693877551020408,0.8666666666666667,0.7171717171717171,auc,1,0.24928707589736,405
,goss,135,0.011996050644130365,200000,305,0.16326530612244897,0.3877551020408163,1.0,1.0,auc,1,0.24933496582822934,71
,gbdt,104,0.18371547144769346,220000,170,0.5306122448979591,0.673469387755102,0.6444444444444444,0.6212121212121212,auc,1,0.24972700793844538,238
balanced,goss,66,0.048442121225583966,20000,75,0.3469387755102041,0.061224489795918366,0.6,1.0,auc,1,0.24975157722118202,442
balanced,goss,115,0.034235665037768974,20000,90,0.8979591836734693,0.836734693877551,0.8666666666666667,1.0,auc,1,0.24981524160659063,412
,dart,100,0.02280739932655284,180000,90,0.42857142857142855,0.3877551020408163,0.7777777777777778,0.6161616161616161,auc,1,0.25001310729925885,384
balanced,dart,79,0.005463336267001169,60000,80,0.08163265306122448,0.836734693877551,0.6,0.5757575757575758,auc,1,0.25009884089479617,486
balanced,goss,142,0.0827474048387851,40000,115,0.8571428571428571,0.8979591836734693,0.6444444444444444,1.0,auc,1,0.2507408151346848,444
,goss,147,0.03852973353713157,40000,125,0.8979591836734693,0.5714285714285714,1.0,1.0,auc,1,0.2508088903905148,307
balanced,gbdt,76,0.14451322534564692,140000,160,0.12244897959183673,0.6530612244897959,0.9555555555555555,0.51010101010101,auc,1,0.25090042450212446,317
balanced,goss,130,0.061583063540367876,200000,175,0.32653061224489793,0.2857142857142857,1.0,1.0,auc,1,0.25093977948002755,21
balanced,dart,101,0.011561166452715621,40000,110,0.7142857142857142,0.4693877551020408,0.9555555555555555,0.5606060606060606,auc,1,0.2509859683074447,53
,gbdt,129,0.12104078694567788,280000,125,0.8571428571428571,0.836734693877551,0.6,0.7373737373737375,auc,1,0.25103907340435216,447
,gbdt,40,0.006332926946560723,100000,75,0.5102040816326531,0.5918367346938775,0.6444444444444444,0.898989898989899,auc,1,0.2511796103968482,236
balanced,dart,64,0.027029891017739963,20000,100,0.2857142857142857,0.02040816326530612,0.8222222222222222,0.9444444444444444,auc,1,0.2512499297748162,428
balanced,dart,133,0.032994544109792474,180000,110,0.6938775510204082,0.7551020408163265,0.8666666666666667,0.7575757575757576,auc,1,0.25163418375797186,66
balanced,gbdt,126,0.09521241941169564,280000,100,0.9591836734693877,0.08163265306122448,0.7777777777777778,0.9848484848484849,auc,1,0.25175301233798997,173
balanced,goss,36,0.10915136124707514,220000,130,0.5102040816326531,0.7959183673469387,0.6444444444444444,1.0,auc,1,0.25182159136489835,404
,dart,106,0.12104078694567788,60000,85,0.7551020408163265,0.6938775510204082,0.6,0.5606060606060606,auc,1,0.2518258059972812,105
balanced,gbdt,125,0.005130924803987385,260000,80,0.22448979591836732,0.32653061224489793,0.7333333333333333,0.7424242424242424,auc,1,0.25255668307702583,494
,goss,71,0.02331834634070841,140000,80,0.2040816326530612,0.6326530612244897,0.6888888888888889,1.0,auc,1,0.2530525289420269,142
,gbdt,47,0.006971074647836605,160000,65,0.8163265306122448,0.18367346938775508,0.7333333333333333,0.5909090909090909,auc,1,0.2532061342665144,287
,dart,111,0.010464120576814964,200000,45,0.8775510204081632,0.2857142857142857,0.6888888888888889,0.9747474747474748,auc,1,0.25322168332764994,240
,gbdt,146,0.07916084442421274,180000,110,0.24489795918367346,0.6530612244897959,0.7777777777777778,0.7777777777777778,auc,1,0.2533820041981484,172
,goss,32,0.015026636248522334,100000,115,0.5306122448979591,0.5510204081632653,0.9555555555555555,1.0,auc,1,0.25362242551112435,124
,goss,117,0.05293111954843996,240000,95,0.8163265306122448,0.6938775510204082,0.9111111111111111,1.0,auc,1,0.2541040662652122,6
,goss,104,0.007395343513435183,180000,110,0.6530612244897959,0.22448979591836732,0.9555555555555555,1.0,auc,1,0.2541432014565125,119
balanced,gbdt,81,0.08745997259947594,20000,110,0.061224489795918366,0.836734693877551,0.7777777777777778,0.8838383838383839,auc,1,0.25426470840541326,297
balanced,goss,81,0.09176075208743704,60000,85,0.8979591836734693,0.9591836734693877,0.6,1.0,auc,1,0.2547889487931978,360
balanced,goss,109,0.006194161098119677,40000,70,0.9795918367346939,0.4693877551020408,0.8666666666666667,1.0,auc,1,0.254792848603699,29
,dart,144,0.006971074647836605,180000,70,0.6326530612244897,0.7142857142857142,0.7777777777777778,0.8585858585858586,auc,1,0.2548024449241125,109
,gbdt,83,0.024920898379346815,160000,65,0.7551020408163265,0.9591836734693877,0.6888888888888889,0.9595959595959596,auc,1,0.25539201043178994,97
balanced,dart,149,0.005074399539250138,280000,65,0.8571428571428571,0.7551020408163265,0.8666666666666667,0.98989898989899,auc,1,0.25582461101976395,125
balanced,goss,54,0.00799162852774722,40000,115,0.8979591836734693,0.1020408163265306,1.0,1.0,auc,1,0.2565051541640423,194
balanced,goss,70,0.00540314896341784,120000,60,0.2040816326530612,0.9591836734693877,0.6444444444444444,1.0,auc,1,0.2567495478955937,468
balanced,goss,72,0.005284756227090885,240000,80,0.6122448979591836,0.6938775510204082,1.0,1.0,auc,1,0.25709831054748056,139
,goss,30,0.09952623259700825,140000,75,0.16326530612244897,0.26530612244897955,0.6,1.0,auc,1,0.25715752761826116,177
,dart,114,0.17000777943708753,180000,85,0.9183673469387754,0.04081632653061224,0.9555555555555555,0.6111111111111112,auc,1,0.257455810838193,450
,goss,83,0.09879392446119441,280000,115,0.24489795918367346,0.3877551020408163,0.8222222222222222,1.0,auc,1,0.2575117798890997,89
balanced,dart,125,0.06854369869098051,260000,80,0.1020408163265306,0.0,0.9111111111111111,0.7525252525252526,auc,1,0.2580908598377101,329
balanced,goss,59,0.015026636248522334,200000,65,0.7346938775510203,0.7959183673469387,0.6888888888888889,1.0,auc,1,0.2582720963190117,379
balanced,gbdt,36,0.015306647885571812,100000,25,0.12244897959183673,0.02040816326530612,0.6444444444444444,0.7575757575757576,auc,1,0.2585416682318986,223
,gbdt,101,0.006450936939768325,20000,85,0.3877551020408163,0.8163265306122448,0.9111111111111111,0.797979797979798,auc,1,0.25873900408186334,20
balanced,goss,69,0.1656697242034905,160000,115,0.12244897959183673,0.08163265306122448,0.9555555555555555,1.0,auc,1,0.25890948980240613,35
,dart,142,0.010159525531994104,140000,75,0.2857142857142857,0.02040816326530612,0.9555555555555555,0.8636363636363636,auc,1,0.25897918318103197,281
,gbdt,117,0.11118532619062516,160000,95,0.3877551020408163,0.6530612244897959,0.7777777777777778,0.8080808080808082,auc,1,0.25909109577190015,242
,goss,149,0.03867227035514037,220000,65,0.6326530612244897,0.4693877551020408,0.7777777777777778,1.0,auc,1,0.25926585163215665,334
,gbdt,33,0.08004264091132256,240000,70,0.6938775510204082,0.5714285714285714,0.8222222222222222,0.8535353535353536,auc,1,0.25933444832048835,56
,gbdt,66,0.04826357505403305,180000,100,0.7755102040816326,0.12244897959183673,1.0,0.6868686868686869,auc,1,0.25948458331543833,356
,gbdt,146,0.04880119755222093,200000,70,0.08163265306122448,0.9795918367346939,0.7333333333333333,0.5505050505050505,auc,1,0.2595292406451365,161
balanced,dart,140,0.025013090700207016,220000,55,0.5306122448979591,0.42857142857142855,0.7333333333333333,0.5606060606060606,auc,1,0.2600022631852619,42
balanced,gbdt,57,0.13274657662401146,280000,90,0.9183673469387754,0.9387755102040816,1.0,0.5808080808080808,auc,1,0.2601524548089028,285
,dart,32,0.08649646245384768,200000,40,0.5714285714285714,0.9795918367346939,0.9111111111111111,0.8383838383838385,auc,1,0.26026336966951613,170
,goss,69,0.12059465930791366,100000,95,0.44897959183673464,0.7346938775510203,0.6888888888888889,1.0,auc,1,0.2608652132305703,153
balanced,goss,147,0.035654887361053864,160000,60,0.08163265306122448,0.9387755102040816,0.7333333333333333,1.0,auc,1,0.26154309202296855,93
,goss,40,0.03487362448885011,100000,45,0.7346938775510203,0.9795918367346939,0.6,1.0,auc,1,0.26220506656338194,82
balanced,dart,43,0.022143509726932693,180000,60,0.4693877551020408,0.4693877551020408,0.8222222222222222,0.7525252525252526,auc,1,0.2623290915266545,144
balanced,dart,30,0.12466973829864869,80000,20,0.24489795918367346,0.36734693877551017,0.9555555555555555,0.893939393939394,auc,1,0.2629464224740323,491
balanced,dart,135,0.009127822372082045,240000,35,0.5510204081632653,0.5306122448979591,0.6888888888888889,0.7929292929292929,auc,1,0.26299851610402225,370
balanced,goss,138,0.13472183345158328,120000,115,0.02040816326530612,0.6938775510204082,0.6,1.0,auc,1,0.2635231021510941,357
,gbdt,54,0.04133001995671539,200000,70,0.08163265306122448,0.7346938775510203,0.8222222222222222,0.9747474747474748,auc,1,0.263751423987308,118
,gbdt,89,0.036453652620360474,40000,45,0.8571428571428571,0.2857142857142857,0.7333333333333333,0.6666666666666667,auc,1,0.26431108197692665,443
balanced,goss,93,0.042100178118260397,160000,65,0.3469387755102041,0.6326530612244897,1.0,1.0,auc,1,0.2651958315452311,70
balanced,dart,138,0.040874704315014034,160000,45,0.6530612244897959,0.9387755102040816,0.6,0.8383838383838385,auc,1,0.26619300224126274,435
,gbdt,111,0.07685658953929919,140000,45,0.9183673469387754,0.3469387755102041,0.6888888888888889,0.6515151515151515,auc,1,0.2679563411855088,117
,gbdt,144,0.005774480071545175,120000,35,0.24489795918367346,0.1020408163265306,0.7333333333333333,0.5909090909090909,auc,1,0.26799408813285797,27
,dart,32,0.1864491407334594,100000,30,0.9183673469387754,0.36734693877551017,0.6444444444444444,0.5555555555555556,auc,1,0.26821707902259107,208
,gbdt,72,0.05826481004429197,160000,85,0.2040816326530612,0.14285714285714285,1.0,0.8636363636363636,auc,1,0.2682609233661305,267
,gbdt,93,0.08649646245384768,180000,60,0.3469387755102041,0.02040816326530612,0.9555555555555555,0.8383838383838385,auc,1,0.26841097986586515,390
balanced,gbdt,39,0.18371547144769346,140000,45,0.4081632653061224,0.4081632653061224,0.6,0.5909090909090909,auc,1,0.26888761374657544,385
,dart,130,0.057836101016393276,200000,55,0.16326530612244897,0.6530612244897959,0.7777777777777778,0.994949494949495,auc,1,0.26918942168201565,473
balanced,goss,67,0.02126210003400329,280000,25,0.7755102040816326,0.44897959183673464,0.7777777777777778,1.0,auc,1,0.26990445197948687,398
,dart,78,0.02049130042208341,80000,55,0.836734693877551,1.0,1.0,0.6313131313131313,auc,1,0.27020586715851014,279
,gbdt,106,0.05848035476425735,200000,40,0.6326530612244897,0.3469387755102041,0.7333333333333333,0.6919191919191919,auc,1,0.27162753128847317,195
balanced,dart,144,0.17381641040122672,80000,55,0.1020408163265306,0.836734693877551,0.9555555555555555,0.8282828282828283,auc,1,0.27176233841059083,86
balanced,dart,126,0.025013090700207016,240000,20,0.9591836734693877,0.5918367346938775,0.7777777777777778,0.7474747474747475,auc,1,0.2722569681604343,218
balanced,dart,132,0.00581728329815602,220000,20,0.5714285714285714,0.26530612244897955,0.6888888888888889,0.5656565656565656,auc,1,0.2724658655145962,484
,gbdt,66,0.10213232309588141,220000,55,0.6938775510204082,0.6530612244897959,0.7777777777777778,0.9393939393939394,auc,1,0.2727362868578489,452
,gbdt,115,0.008993992591122319,180000,25,0.6122448979591836,0.36734693877551017,0.7777777777777778,0.8383838383838385,auc,1,0.2742148375917175,32
balanced,goss,125,0.012401415643146391,220000,60,0.04081632653061224,0.836734693877551,1.0,1.0,auc,1,0.27422660822959544,272
,goss,87,0.020415774347916988,220000,40,0.4693877551020408,0.2857142857142857,0.8666666666666667,1.0,auc,1,0.2745243030157525,417
balanced,dart,117,0.025858321500565308,140000,35,0.14285714285714285,0.16326530612244897,0.7333333333333333,0.6212121212121212,auc,1,0.2748537165970619,429
balanced,dart,144,0.014916071147326697,60000,25,0.04081632653061224,0.3877551020408163,0.7333333333333333,0.8282828282828283,auc,1,0.2758721348265216,295
balanced,goss,103,0.014112354956756064,240000,40,0.18367346938775508,0.3469387755102041,0.8666666666666667,1.0,auc,1,0.2761155608242043,123
balanced,dart,92,0.027432093305280215,80000,45,0.36734693877551017,0.7755102040816326,0.9111111111111111,0.7272727272727273,auc,1,0.2763577129566782,246
,dart,122,0.025858321500565308,160000,20,0.7959183673469387,0.8775510204081632,0.8666666666666667,0.51010101010101,auc,1,0.27891504137651,340
,goss,117,0.02846397739454339,260000,30,0.44897959183673464,0.2857142857142857,0.8666666666666667,1.0,auc,1,0.2809387391380843,98
balanced,gbdt,53,0.15387564138118423,120000,55,0.16326530612244897,0.7551020408163265,0.7777777777777778,0.5151515151515151,auc,1,0.2813046342117359,410
,goss,143,0.19706765150537875,60000,45,0.8571428571428571,0.061224489795918366,0.9555555555555555,1.0,auc,1,0.2814312722246587,392
,gbdt,52,0.08681644729140979,60000,30,0.08163265306122448,0.6122448979591836,0.7777777777777778,0.7121212121212122,auc,1,0.283401636131841,159
balanced,dart,90,0.09989441973977974,20000,35,0.24489795918367346,0.04081632653061224,0.6888888888888889,0.5151515151515151,auc,1,0.2840452582105716,322
balanced,goss,147,0.043845419886860144,120000,20,0.7346938775510203,0.7755102040816326,0.7777777777777778,1.0,auc,1,0.2851586374284698,226
,goss,118,0.009900286907439045,60000,20,0.36734693877551017,0.5714285714285714,0.9555555555555555,1.0,auc,1,0.28653348504963316,418
,goss,96,0.06557277631737372,40000,50,0.0,0.4081632653061224,1.0,1.0,auc,1,0.2871985394058877,108
,goss,115,0.055945612728102,200000,25,0.3877551020408163,0.4081632653061224,0.8222222222222222,1.0,auc,1,0.28895478266300845,13
balanced,gbdt,116,0.19489663914444297,140000,30,0.3061224489795918,0.7551020408163265,0.6,0.9343434343434344,auc,1,0.2906212313185592,489
balanced,dart,63,0.1899234997489961,200000,25,0.12244897959183673,0.5102040816326531,0.8666666666666667,0.9393939393939394,auc,1,0.2937419748454233,439
balanced,dart,71,0.09041537957119246,200000,30,0.1020408163265306,0.26530612244897955,1.0,0.6616161616161617,auc,1,0.2953436655090118,453
balanced,gbdt,70,0.11200948536232092,60000,30,0.24489795918367346,0.08163265306122448,0.7333333333333333,0.9646464646464648,auc,1,0.2975674798135536,241
balanced,gbdt,144,0.07600989245515277,140000,20,0.3877551020408163,0.5918367346938775,0.8666666666666667,0.9141414141414141,auc,1,0.302571123393245,299
